Date,Close,,Date,Close,,Date,Close
01/01/2025 23:58:00,93462.86,,01/01/2025 23:58:00,3331.2798,,01/01/2025 23:58:00,189.2335
02/01/2025 23:58:00,95642.54,,02/01/2025 23:58:00,3353.1751,,02/01/2025 23:58:00,193.8516
03/01/2025 23:58:00,96732.46,,03/01/2025 23:58:00,3451.7503,,03/01/2025 23:58:00,207.8083
04/01/2025 23:58:00,97942.97,,04/01/2025 23:58:00,3607.4265,,04/01/2025 23:58:00,217.7616
05/01/2025 23:58:00,98355.51,,05/01/2025 23:58:00,3656.4304,,05/01/2025 23:58:00,216.6486
06/01/2025 23:58:00,99424.66,,06/01/2025 23:58:00,3634.9629,,06/01/2025 23:58:00,213.3951
07/01/2025 23:58:00,101731,,07/01/2025 23:58:00,3689.1357,,07/01/2025 23:58:00,218.3706
08/01/2025 23:58:00,96294.37,,08/01/2025 23:58:00,3380.7317,,08/01/2025 23:58:00,202.2026
09/01/2025 23:58:00,94409.58,,09/01/2025 23:58:00,3326.6026,,09/01/2025 23:58:00,197.5763
10/01/2025 23:58:00,93850.97,,10/01/2025 23:58:00,3219.1578,,10/01/2025 23:58:00,185.0276
11/01/2025 23:58:00,94033.5,,11/01/2025 23:58:00,3266.3219,,11/01/2025 23:58:00,187.5755
12/01/2025 23:58:00,94575.31,,12/01/2025 23:58:00,3281.9305,,12/01/2025 23:58:00,187.9971
13/01/2025 23:58:00,94559.12,,13/01/2025 23:58:00,3265.5751,,13/01/2025 23:58:00,188.5192
14/01/2025 23:58:00,95099.77,,14/01/2025 23:58:00,3136.445,,14/01/2025 23:58:00,182.8464
15/01/2025 23:58:00,97176.71,,15/01/2025 23:58:00,3223.8939,,15/01/2025 23:58:00,187.5167
16/01/2025 23:58:00,99576.98,,16/01/2025 23:58:00,3450.5268,,16/01/2025 23:58:00,205.909
17/01/2025 23:58:00,101413.4,,17/01/2025 23:58:00,3307.6008,,17/01/2025 23:58:00,211.1988
18/01/2025 23:58:00,103545.4,,18/01/2025 23:58:00,3474.0668,,18/01/2025 23:58:00,219.6059
19/01/2025 23:58:00,104841,,19/01/2025 23:58:00,3305.1557,,19/01/2025 23:58:00,261.7841
20/01/2025 23:58:00,102194.9,,20/01/2025 23:58:00,3212.8843,,20/01/2025 23:58:00,251.288
21/01/2025 23:58:00,102204.3,,21/01/2025 23:58:00,3280.3702,,21/01/2025 23:58:00,242.2984
22/01/2025 23:58:00,105559.4,,22/01/2025 23:58:00,3327.8592,,22/01/2025 23:58:00,250.419
23/01/2025 23:58:00,101964.6,,23/01/2025 23:58:00,3241.2395,,23/01/2025 23:58:00,257.173
24/01/2025 23:58:00,104563,,24/01/2025 23:58:00,3338.5746,,24/01/2025 23:58:00,253.4619
25/01/2025 23:58:00,104669.3,,25/01/2025 23:58:00,3309.7553,,25/01/2025 23:58:00,253.371
26/01/2025 23:58:00,105193.9,,26/01/2025 23:58:00,3317.2631,,26/01/2025 23:58:00,256.1342
27/01/2025 23:58:00,100414.1,,27/01/2025 23:58:00,3233.391,,27/01/2025 23:58:00,240.9197
28/01/2025 23:58:00,102938,,28/01/2025 23:58:00,3181.6844,,28/01/2025 23:58:00,235.0458
29/01/2025 23:58:00,101995.6,,29/01/2025 23:58:00,3075.7713,,29/01/2025 23:58:00,227.1483
30/01/2025 23:58:00,105403.1,,30/01/2025 23:58:00,3114.3033,,30/01/2025 23:58:00,228.0644
31/01/2025 23:58:00,104008.8,,31/01/2025 23:58:00,3247.7702,,31/01/2025 23:58:00,238.9076
01/02/2025 23:58:00,102345.6,,01/02/2025 23:58:00,3298.9187,,01/02/2025 23:58:00,231.644
02/02/2025 23:58:00,99655.54,,02/02/2025 23:58:00,3116.8988,,02/02/2025 23:58:00,213.6257
03/02/2025 23:58:00,92883.21,,03/02/2025 23:58:00,2869.2932,,03/02/2025 23:58:00,203.2397
04/02/2025 23:58:00,100156.4,,04/02/2025 23:58:00,2883.2151,,04/02/2025 23:58:00,216.2608
05/02/2025 23:58:00,98136.17,,05/02/2025 23:58:00,2732.0012,,05/02/2025 23:58:00,207.0365
06/02/2025 23:58:00,97649.43,,06/02/2025 23:58:00,2788.2941,,06/02/2025 23:58:00,195.9941
07/02/2025 23:58:00,97519.86,,07/02/2025 23:58:00,2688.0574,,07/02/2025 23:58:00,189.7586
08/02/2025 23:58:00,96362.31,,08/02/2025 23:58:00,2623.0346,,08/02/2025 23:58:00,192.1702
09/02/2025 23:58:00,97281.8,,09/02/2025 23:58:00,2632.9375,,09/02/2025 23:58:00,199.5817
10/02/2025 23:58:00,96932.82,,10/02/2025 23:58:00,2628.011,,10/02/2025 23:58:00,200.5462
11/02/2025 23:58:00,98077.13,,11/02/2025 23:58:00,2661.4868,,11/02/2025 23:58:00,200.3929
12/02/2025 23:58:00,95573.3,,12/02/2025 23:58:00,2602.6286,,12/02/2025 23:58:00,197.9837
13/02/2025 23:58:00,96900.99,,13/02/2025 23:58:00,2737.7892,,13/02/2025 23:58:00,196.772
14/02/2025 23:58:00,96796.01,,14/02/2025 23:58:00,2676.2042,,14/02/2025 23:58:00,194.3761
15/02/2025 23:58:00,97544.53,,15/02/2025 23:58:00,2725.7036,,15/02/2025 23:58:00,199.8365
16/02/2025 23:58:00,97580.92,,16/02/2025 23:58:00,2693.5246,,16/02/2025 23:58:00,194.4742
17/02/2025 23:58:00,96127.14,,17/02/2025 23:58:00,2662.2272,,17/02/2025 23:58:00,188.4563
18/02/2025 23:58:00,96096.47,,18/02/2025 23:58:00,2743.7816,,18/02/2025 23:58:00,177.6608
19/02/2025 23:58:00,95307.54,,19/02/2025 23:58:00,2669.9008,,19/02/2025 23:58:00,169.1202
20/02/2025 23:58:00,97243.08,,20/02/2025 23:58:00,2715.3959,,20/02/2025 23:58:00,169.026
21/02/2025 23:58:00,98249.46,,21/02/2025 23:58:00,2739.468,,21/02/2025 23:58:00,176.038
22/02/2025 23:58:00,96436.56,,22/02/2025 23:58:00,2660.6903,,22/02/2025 23:58:00,168.892
23/02/2025 23:58:00,96443.38,,23/02/2025 23:58:00,2763.9902,,23/02/2025 23:58:00,172.1428
24/02/2025 23:58:00,95278.63,,24/02/2025 23:58:00,2819.8368,,24/02/2025 23:58:00,168.0328
25/02/2025 23:58:00,92066.2,,25/02/2025 23:58:00,2513.9897,,25/02/2025 23:58:00,141.8274
26/02/2025 23:58:00,88801.82,,26/02/2025 23:58:00,2492.342,,26/02/2025 23:58:00,144.1328
27/02/2025 23:58:00,85090.99,,27/02/2025 23:58:00,2332.5324,,27/02/2025 23:58:00,134.8675
28/02/2025 23:58:00,80376.5,,28/02/2025 23:58:00,2305.5974,,28/02/2025 23:58:00,137.6058
01/03/2025 23:58:00,86273.05,,01/03/2025 23:58:00,2235.8163,,01/03/2025 23:58:00,147.9956
02/03/2025 23:58:00,85812.15,,02/03/2025 23:58:00,2216.2998,,02/03/2025 23:58:00,143.6311
03/03/2025 23:58:00,92841.09,,03/03/2025 23:58:00,2519.0844,,03/03/2025 23:58:00,178.4556
04/03/2025 23:58:00,83518.82,,04/03/2025 23:58:00,2147.7012,,04/03/2025 23:58:00,142.0484
05/03/2025 23:58:00,86951.6,,05/03/2025 23:58:00,2170.7004,,05/03/2025 23:58:00,144.9224
06/03/2025 23:58:00,92272.38,,06/03/2025 23:58:00,2241.9048,,06/03/2025 23:58:00,146.2677
07/03/2025 23:58:00,87701.4,,07/03/2025 23:58:00,2202.2975,,07/03/2025 23:58:00,143.3527
08/03/2025 23:58:00,86468.85,,08/03/2025 23:58:00,2140.2135,,08/03/2025 23:58:00,139.2415
09/03/2025 23:58:00,86143.01,,09/03/2025 23:58:00,2202.7799,,09/03/2025 23:58:00,136.9606
10/03/2025 23:58:00,82106.8,,10/03/2025 23:58:00,2018.3289,,10/03/2025 23:58:00,126.4502
11/03/2025 23:58:00,79506.47,,11/03/2025 23:58:00,1863.7698,,11/03/2025 23:58:00,118.315
12/03/2025 23:58:00,82201.03,,12/03/2025 23:58:00,1921.8031,,12/03/2025 23:58:00,125.2657
13/03/2025 23:58:00,83605.95,,13/03/2025 23:58:00,1908.0938,,13/03/2025 23:58:00,126.5901
14/03/2025 23:58:00,81877.78,,14/03/2025 23:58:00,1863.4771,,14/03/2025 23:58:00,123.3121
15/03/2025 23:58:00,84582.41,,15/03/2025 23:58:00,1910.8596,,15/03/2025 23:58:00,133.426
16/03/2025 23:58:00,84410.52,,16/03/2025 23:58:00,1937.0931,,16/03/2025 23:58:00,135.9194
17/03/2025 23:58:00,83702.25,,17/03/2025 23:58:00,1887.202,,17/03/2025 23:58:00,126.0396
18/03/2025 23:58:00,83152.52,,18/03/2025 23:58:00,1926.5746,,18/03/2025 23:58:00,128.1604
19/03/2025 23:58:00,83076.51,,19/03/2025 23:58:00,1931.7574,,19/03/2025 23:58:00,125.317
20/03/2025 23:58:00,85919.08,,20/03/2025 23:58:00,2057.6814,,20/03/2025 23:58:00,135.533
21/03/2025 23:58:00,84434.41,,21/03/2025 23:58:00,1982.3914,,21/03/2025 23:58:00,127.4994
22/03/2025 23:58:00,84345.25,,22/03/2025 23:58:00,1965.2958,,22/03/2025 23:58:00,128.4234
23/03/2025 23:58:00,84294.35,,23/03/2025 23:58:00,1980.1805,,23/03/2025 23:58:00,128.493
24/03/2025 23:58:00,86531.37,,24/03/2025 23:58:00,2006.0249,,24/03/2025 23:58:00,132.6302
25/03/2025 23:58:00,86496.49,,25/03/2025 23:58:00,2081.8109,,25/03/2025 23:58:00,140.9225
26/03/2025 23:58:00,87186.84,,26/03/2025 23:58:00,2067.1385,,26/03/2025 23:58:00,143.786
27/03/2025 23:58:00,87692.71,,27/03/2025 23:58:00,2009.4311,,27/03/2025 23:58:00,137.2894
28/03/2025 23:58:00,86810.84,,28/03/2025 23:58:00,2002.647,,28/03/2025 23:58:00,138.3527
29/03/2025 23:58:00,84261.42,,29/03/2025 23:58:00,1895.8636,,29/03/2025 23:58:00,129.4324
30/03/2025 23:58:00,83184.34,,30/03/2025 23:58:00,1827.4434,,30/03/2025 23:58:00,124.5888
31/03/2025 23:58:00,81559.22,,31/03/2025 23:58:00,1806.7074,,31/03/2025 23:58:00,124.6661
01/04/2025 23:58:00,82963.95,,01/04/2025 23:58:00,1822.3431,,01/04/2025 23:58:00,124.6577
02/04/2025 23:58:00,84598.74,,02/04/2025 23:58:00,1905.3194,,02/04/2025 23:58:00,126.6829
03/04/2025 23:58:00,83479.15,,03/04/2025 23:58:00,1794.8779,,03/04/2025 23:58:00,117.7362
04/04/2025 23:58:00,82740.93,,04/04/2025 23:58:00,1816.4149,,04/04/2025 23:58:00,117.0533
05/04/2025 23:58:00,83624.02,,05/04/2025 23:58:00,1815.4492,,05/04/2025 23:58:00,122.7863
06/04/2025 23:58:00,83332.85,,06/04/2025 23:58:00,1806.0908,,06/04/2025 23:58:00,120.2721
07/04/2025 23:58:00,77555.34,,07/04/2025 23:58:00,1579.0905,,07/04/2025 23:58:00,105.7334
09/04/2025 23:58:00,75004.68,,08/04/2025 23:58:00,1552.0201,,08/04/2025 23:58:00,106.8837
10/04/2025 23:58:00,81681,,09/04/2025 23:58:00,1471.9443,,09/04/2025 23:58:00,105.4473
11/04/2025 23:58:00,80721.91,,10/04/2025 23:58:00,1668.859,,10/04/2025 23:58:00,119.0826
12/04/2025 23:58:00,82944.43,,11/04/2025 23:58:00,1521.4977,,11/04/2025 23:58:00,112.7961
13/04/2025 23:58:00,85434.14,,12/04/2025 23:58:00,1566.1546,,12/04/2025 23:58:00,121.5142
14/04/2025 23:58:00,84549.55,,13/04/2025 23:58:00,1643.7982,,13/04/2025 23:58:00,132.2686
15/04/2025 23:58:00,85358.06,,14/04/2025 23:58:00,1596.8367,,14/04/2025 23:58:00,128.5757
16/04/2025 23:58:00,83726.81,,15/04/2025 23:58:00,1623.1192,,15/04/2025 23:58:00,129.2982
17/04/2025 23:58:00,84030.1,,16/04/2025 23:58:00,1588.8276,,16/04/2025 23:58:00,126.238
18/04/2025 23:58:00,84815.62,,17/04/2025 23:58:00,1577.2412,,17/04/2025 23:58:00,131.462
19/04/2025 23:58:00,84841.2,,18/04/2025 23:58:00,1582.98,,18/04/2025 23:58:00,134.7368
20/04/2025 23:58:00,85115.07,,19/04/2025 23:58:00,1588.7273,,19/04/2025 23:58:00,134.0698
21/04/2025 23:58:00,87152.38,,20/04/2025 23:58:00,1613.1206,,20/04/2025 23:58:00,139.7714
22/04/2025 23:58:00,88107.6,,21/04/2025 23:58:00,1587.3288,,21/04/2025 23:58:00,137.7768
23/04/2025 23:58:00,93210.55,,22/04/2025 23:58:00,1579.4935,,22/04/2025 23:58:00,136.6838
24/04/2025 23:58:00,92733.36,,23/04/2025 23:58:00,1756.9004,,23/04/2025 23:58:00,148.7438
25/04/2025 23:58:00,93348.03,,24/04/2025 23:58:00,1796.0691,,24/04/2025 23:58:00,151.1532
26/04/2025 23:58:00,94847.29,,25/04/2025 23:58:00,1770.0125,,25/04/2025 23:58:00,152.3482
27/04/2025 23:58:00,94225.3,,26/04/2025 23:58:00,1786.1962,,26/04/2025 23:58:00,150.9138
28/04/2025 23:58:00,93911.89,,27/04/2025 23:58:00,1821.7589,,27/04/2025 23:58:00,149.302
29/04/2025 23:58:00,94717.11,,28/04/2025 23:58:00,1791.9918,,28/04/2025 23:58:00,148.2345
30/04/2025 23:58:00,95041.93,,29/04/2025 23:58:00,1800.1999,,29/04/2025 23:58:00,147.8192
01/05/2025 23:58:00,94808.49,,30/04/2025 23:58:00,1798.653,,30/04/2025 23:58:00,146.4017
02/05/2025 23:58:00,97111.77,,01/05/2025 23:58:00,1794.0542,,01/05/2025 23:58:00,147.6274
03/05/2025 23:58:00,96432.45,,02/05/2025 23:58:00,1838.7526,,02/05/2025 23:58:00,150.8551
04/05/2025 23:58:00,95856.14,,03/05/2025 23:58:00,1842.6998,,03/05/2025 23:58:00,148.0509
05/05/2025 23:58:00,94255.16,,04/05/2025 23:58:00,1833.8264,,04/05/2025 23:58:00,146.7912
06/05/2025 23:58:00,94489.1,,05/05/2025 23:58:00,1808.7154,,05/05/2025 23:58:00,143.9898
07/05/2025 23:58:00,96515.11,,06/05/2025 23:58:00,1819.938,,06/05/2025 23:58:00,146.6842
08/05/2025 23:58:00,99109.44,,07/05/2025 23:58:00,1816.7296,,07/05/2025 23:58:00,146.7874
09/05/2025 23:58:00,102384.2,,08/05/2025 23:58:00,1811.557,,08/05/2025 23:58:00,147.2203
10/05/2025 23:58:00,103161.7,,09/05/2025 23:58:00,2207.2733,,09/05/2025 23:58:00,164.0663
11/05/2025 23:58:00,103995.7,,10/05/2025 23:58:00,2345.3199,,10/05/2025 23:58:00,172.8267
12/05/2025 23:58:00,104013.1,,11/05/2025 23:58:00,2583.4157,,11/05/2025 23:58:00,177.6784
13/05/2025 23:58:00,101727,,12/05/2025 23:58:00,2514.736,,12/05/2025 23:58:00,173.0356
14/05/2025 23:58:00,103560.3,,13/05/2025 23:58:00,2496.0772,,13/05/2025 23:58:00,174.2507
15/05/2025 23:58:00,102821.2,,14/05/2025 23:58:00,2680.2341,,14/05/2025 23:58:00,183.9972
16/05/2025 23:58:00,104050.1,,15/05/2025 23:58:00,2610.0971,,15/05/2025 23:58:00,176.7127
17/05/2025 23:58:00,103536.5,,16/05/2025 23:58:00,2548.0833,,16/05/2025 23:58:00,169.0221
18/05/2025 23:58:00,103298,,17/05/2025 23:58:00,2537.7818,,17/05/2025 23:58:00,167.348
19/05/2025 23:58:00,103640.2,,18/05/2025 23:58:00,2475.7237,,18/05/2025 23:58:00,165.9292
20/05/2025 23:58:00,105707.1,,19/05/2025 23:58:00,2499.6984,,19/05/2025 23:58:00,173.785
21/05/2025 23:58:00,106859.6,,20/05/2025 23:58:00,2528.6033,,20/05/2025 23:58:00,166.8537
22/05/2025 23:58:00,111681.7,,21/05/2025 23:58:00,2524.7441,,21/05/2025 23:58:00,168.4923
23/05/2025 23:58:00,111088.5,,22/05/2025 23:58:00,2551.8429,,22/05/2025 23:58:00,173.6663
24/05/2025 23:58:00,108333.4,,23/05/2025 23:58:00,2664.7045,,23/05/2025 23:58:00,179.6981
25/05/2025 23:58:00,108096.5,,24/05/2025 23:58:00,2526.5268,,24/05/2025 23:58:00,173.7909
26/05/2025 23:58:00,109641.5,,25/05/2025 23:58:00,2530.1318,,25/05/2025 23:58:00,176.0304
27/05/2025 23:58:00,108927.6,,26/05/2025 23:58:00,2551.9498,,26/05/2025 23:58:00,175.7114
28/05/2025 23:58:00,108877.1,,27/05/2025 23:58:00,2564.5004,,27/05/2025 23:58:00,174.9174
29/05/2025 23:58:00,108043.4,,28/05/2025 23:58:00,2662.1276,,28/05/2025 23:58:00,176.808
30/05/2025 23:58:00,106021.6,,29/05/2025 23:58:00,2681.9375,,29/05/2025 23:58:00,172.1935
31/05/2025 23:58:00,103735.2,,30/05/2025 23:58:00,2631.6787,,30/05/2025 23:58:00,166.5968
01/06/2025 23:58:00,104494.5,,31/05/2025 23:58:00,2531.0975,,31/05/2025 23:58:00,156.2489
02/06/2025 23:58:00,104914.5,,01/06/2025 23:58:00,2529.1818,,01/06/2025 23:58:00,156.6069
03/06/2025 23:58:00,105551.6,,02/06/2025 23:58:00,2538.9742,,02/06/2025 23:58:00,157.7803
04/06/2025 23:58:00,105625.9,,03/06/2025 23:58:00,2607.6023,,03/06/2025 23:58:00,156.9885
05/06/2025 23:58:00,105084.4,,04/06/2025 23:58:00,2594.478,,04/06/2025 23:58:00,155.3399
06/06/2025 23:58:00,102549.2,,05/06/2025 23:58:00,2608.6477,,05/06/2025 23:58:00,153.3625
07/06/2025 23:58:00,104951.3,,06/06/2025 23:58:00,2416.2411,,06/06/2025 23:58:00,144.5401
08/06/2025 23:58:00,105525.3,,07/06/2025 23:58:00,2478.0639,,07/06/2025 23:58:00,147.9098
09/06/2025 23:58:00,105687.6,,08/06/2025 23:58:00,2526.2893,,08/06/2025 23:58:00,150.1437
10/06/2025 23:58:00,109549,,09/06/2025 23:58:00,2510.9076,,09/06/2025 23:58:00,152.4393
11/06/2025 23:58:00,109722.3,,10/06/2025 23:58:00,2681.2674,,10/06/2025 23:58:00,161.105
12/06/2025 23:58:00,107845.6,,11/06/2025 23:58:00,2814.8368,,11/06/2025 23:58:00,165.0249
13/06/2025 23:58:00,104498.1,,12/06/2025 23:58:00,2772.8448,,12/06/2025 23:58:00,161.0558
14/06/2025 23:58:00,105312.9,,13/06/2025 23:58:00,2643.7887,,13/06/2025 23:58:00,152.7243
15/06/2025 23:58:00,105562.5,,14/06/2025 23:58:00,2579.7889,,14/06/2025 23:58:00,148.6387
16/06/2025 23:58:00,105950.6,,15/06/2025 23:58:00,2532.764,,15/06/2025 23:58:00,144.7567
17/06/2025 23:58:00,107598.5,,16/06/2025 23:58:00,2547.7383,,16/06/2025 23:58:00,152.8448
18/06/2025 23:58:00,105191.3,,17/06/2025 23:58:00,2542.6312,,17/06/2025 23:58:00,150.877
19/06/2025 23:58:00,105075.2,,18/06/2025 23:58:00,2510.1828,,18/06/2025 23:58:00,147.7051
20/06/2025 23:58:00,104637,,19/06/2025 23:58:00,2525.1483,,19/06/2025 23:58:00,146.3599
21/06/2025 23:58:00,103589.5,,20/06/2025 23:58:00,2521.5258,,20/06/2025 23:58:00,147.0758
22/06/2025 23:58:00,102394.4,,21/06/2025 23:58:00,2406.7561,,21/06/2025 23:58:00,140.1427
23/06/2025 23:58:00,101220,,22/06/2025 23:58:00,2296.6047,,22/06/2025 23:58:00,135.1784
24/06/2025 23:58:00,105019,,23/06/2025 23:58:00,2228.1479,,23/06/2025 23:58:00,131.6572
25/06/2025 23:58:00,106311.5,,24/06/2025 23:58:00,2412.7634,,24/06/2025 23:58:00,144.7683
26/06/2025 23:58:00,107899.3,,25/06/2025 23:58:00,2449.7001,,25/06/2025 23:58:00,145.9566
27/06/2025 23:58:00,107523.7,,26/06/2025 23:58:00,2419.3084,,26/06/2025 23:58:00,143.5091
28/06/2025 23:58:00,107342.2,,27/06/2025 23:58:00,2416.3115,,27/06/2025 23:58:00,139.0618
29/06/2025 23:58:00,107249.3,,28/06/2025 23:58:00,2423.8919,,28/06/2025 23:58:00,142.1906
30/06/2025 23:58:00,108527.5,,29/06/2025 23:58:00,2436.9814,,29/06/2025 23:58:00,150.828
01/07/2025 23:58:00,107217.4,,30/06/2025 23:58:00,2500.5653,,30/06/2025 23:58:00,153.3469
02/07/2025 23:58:00,106255.1,,01/07/2025 23:58:00,2487.1913,,01/07/2025 23:58:00,154.7713
03/07/2025 23:58:00,108696.5,,02/07/2025 23:58:00,2405.5849,,02/07/2025 23:58:00,146.9307
04/07/2025 23:58:00,109273.1,,03/07/2025 23:58:00,2570.6842,,03/07/2025 23:58:00,152.2528
05/07/2025 23:58:00,108230,,04/07/2025 23:58:00,2591.2846,,04/07/2025 23:58:00,152.3909
06/07/2025 23:58:00,108114,,05/07/2025 23:58:00,2508.4357,,05/07/2025 23:58:00,147.7496
07/07/2025 23:58:00,109395.1,,06/07/2025 23:58:00,2517.2448,,06/07/2025 23:58:00,147.6373
08/07/2025 23:58:00,107904.3,,07/07/2025 23:58:00,2571.0602,,07/07/2025 23:58:00,151.8793
09/07/2025 23:58:00,108395.8,,08/07/2025 23:58:00,2542.6005,,08/07/2025 23:58:00,148.8749
10/07/2025 23:58:00,111090.1,,09/07/2025 23:58:00,2615.5927,,09/07/2025 23:58:00,151.7858
11/07/2025 23:58:00,116768.2,,10/07/2025 23:58:00,2770.3779,,10/07/2025 23:58:00,157.2384
12/07/2025 23:58:00,117568.8,,11/07/2025 23:58:00,2950.6692,,11/07/2025 23:58:00,164.1022
13/07/2025 23:58:00,117603.5,,12/07/2025 23:58:00,2958.0417,,12/07/2025 23:58:00,162.8811
14/07/2025 23:58:00,120551.9,,13/07/2025 23:58:00,2943.3603,,13/07/2025 23:58:00,160.6782
15/07/2025 23:58:00,117226.1,,14/07/2025 23:58:00,2973.0976,,14/07/2025 23:58:00,161.2114
16/07/2025 23:58:00,117489.6,,15/07/2025 23:58:00,3014.076,,15/07/2025 23:58:00,162.272
17/07/2025 23:58:00,118070.4,,16/07/2025 23:58:00,3139.9861,,16/07/2025 23:58:00,163.9598
18/07/2025 23:58:00,120280.7,,17/07/2025 23:58:00,3372.7927,,17/07/2025 23:58:00,173.6855
19/07/2025 23:58:00,118353.3,,18/07/2025 23:58:00,3477.2607,,18/07/2025 23:58:00,175.8269
20/07/2025 23:58:00,117985.7,,19/07/2025 23:58:00,3547.9487,,19/07/2025 23:58:00,177.3621
21/07/2025 23:58:00,118429.2,,20/07/2025 23:58:00,3594.5704,,20/07/2025 23:58:00,177.0675
22/07/2025 23:58:00,117213.8,,21/07/2025 23:58:00,3759.5285,,21/07/2025 23:58:00,181.5695
23/07/2025 23:58:00,118637.6,,22/07/2025 23:58:00,3763.3644,,22/07/2025 23:58:00,195.9965
24/07/2025 23:58:00,118580.6,,23/07/2025 23:58:00,3748.7085,,23/07/2025 23:58:00,205.6846
25/07/2025 23:58:00,115420.2,,24/07/2025 23:58:00,3629.3296,,24/07/2025 23:58:00,189.5083
26/07/2025 23:58:00,117570.6,,25/07/2025 23:58:00,3707.1296,,25/07/2025 23:58:00,182.6874
27/07/2025 23:58:00,118208.3,,26/07/2025 23:58:00,3726.0089,,26/07/2025 23:58:00,186.7854
28/07/2025 23:58:00,119283.7,,27/07/2025 23:58:00,3742.1645,,27/07/2025 23:58:00,184.9125
29/07/2025 23:58:00,118757.1,,28/07/2025 23:58:00,3874.6976,,28/07/2025 23:58:00,188.7386
30/07/2025 23:58:00,118176.2,,29/07/2025 23:58:00,3795.9018,,29/07/2025 23:58:00,182.6397
31/07/2025 23:58:00,118454.4,,30/07/2025 23:58:00,3793.1021,,30/07/2025 23:58:00,181.3464
01/08/2025 23:58:00,115672.4,,31/07/2025 23:58:00,3808.8875,,31/07/2025 23:58:00,177.7008
02/08/2025 23:58:00,113941.1,,01/08/2025 23:58:00,3697.7407,,01/08/2025 23:58:00,172.3796
03/08/2025 23:58:00,113730.6,,02/08/2025 23:58:00,3486.9697,,02/08/2025 23:58:00,162.8707
04/08/2025 23:58:00,114696.1,,03/08/2025 23:58:00,3392.9631,,03/08/2025 23:58:00,158.4767
05/08/2025 23:58:00,114348.2,,04/08/2025 23:58:00,3497.2822,,04/08/2025 23:58:00,161.9623
06/08/2025 23:58:00,113574.9,,05/08/2025 23:58:00,3720.3463,,05/08/2025 23:58:00,169.44
07/08/2025 23:58:00,114485.2,,06/08/2025 23:58:00,3611.8177,,06/08/2025 23:58:00,164.0958
08/08/2025 23:58:00,116770.3,,07/08/2025 23:58:00,3683.6838,,07/08/2025 23:58:00,168.1705
09/08/2025 23:58:00,116364.7,,08/08/2025 23:58:00,3912.5898,,08/08/2025 23:58:00,175.4855
10/08/2025 23:58:00,118231.9,,09/08/2025 23:58:00,4009.8132,,09/08/2025 23:58:00,176.7726
11/08/2025 23:58:00,121660.9,,10/08/2025 23:58:00,4263.3621,,10/08/2025 23:58:00,180.1779
12/08/2025 23:58:00,118849,,11/08/2025 23:58:00,4251.6856,,11/08/2025 23:58:00,182.8768
13/08/2025 23:58:00,119442.5,,12/08/2025 23:58:00,4224.9312,,12/08/2025 23:58:00,174.9624
14/08/2025 23:58:00,123332,,13/08/2025 23:58:00,4589.8184,,13/08/2025 23:58:00,191.8204
15/08/2025 23:58:00,119074.5,,14/08/2025 23:58:00,4750.0277,,14/08/2025 23:58:00,201.6547
16/08/2025 23:58:00,117555.5,,15/08/2025 23:58:00,4549.6703,,15/08/2025 23:58:00,192.5945
17/08/2025 23:58:00,117792.9,,16/08/2025 23:58:00,4443.2395,,16/08/2025 23:58:00,185.7868
18/08/2025 23:58:00,115416.2,,17/08/2025 23:58:00,4424.8349,,17/08/2025 23:58:00,189.7631
19/08/2025 23:58:00,114931.1,,18/08/2025 23:58:00,4475.4367,,18/08/2025 23:58:00,191.1652
20/08/2025 23:58:00,113569.7,,19/08/2025 23:58:00,4314.7441,,19/08/2025 23:58:00,183.0645
21/08/2025 23:58:00,114004.5,,20/08/2025 23:58:00,4075.0828,,20/08/2025 23:58:00,176.1247
22/08/2025 23:58:00,112946.4,,21/08/2025 23:58:00,4335.266,,21/08/2025 23:58:00,187.611
23/08/2025 23:58:00,115468.4,,22/08/2025 23:58:00,4224.3914,,22/08/2025 23:58:00,180.2837
24/08/2025 23:58:00,114920.5,,23/08/2025 23:58:00,4830.0706,,23/08/2025 23:58:00,200.6512
25/08/2025 23:58:00,113044.1,,24/08/2025 23:58:00,4776.4888,,24/08/2025 23:58:00,203.9469
26/08/2025 23:58:00,109923.5,,25/08/2025 23:58:00,4779.5706,,25/08/2025 23:58:00,205.8407
27/08/2025 23:58:00,111478.5,,26/08/2025 23:58:00,4376.2445,,26/08/2025 23:58:00,187.2923
28/08/2025 23:58:00,112032,,27/08/2025 23:58:00,4601.0363,,27/08/2025 23:58:00,195.9077
29/08/2025 23:58:00,111769.5,,28/08/2025 23:58:00,4506.868,,28/08/2025 23:58:00,202.9431
30/08/2025 23:58:00,108454.4,,29/08/2025 23:58:00,4512.5661,,29/08/2025 23:58:00,214.4142
31/08/2025 23:58:00,109251.6,,30/08/2025 23:58:00,4359.9902,,30/08/2025 23:58:00,205.1587
01/09/2025 23:58:00,107694.3,,31/08/2025 23:58:00,4374.415,,31/08/2025 23:58:00,202.8476
02/09/2025 23:58:00,110374.9,,01/09/2025 23:58:00,4391.1808,,01/09/2025 23:58:00,200.8681
03/09/2025 23:58:00,111092.6,,02/09/2025 23:58:00,4314.3356,,02/09/2025 23:58:00,197.1299
04/09/2025 23:58:00,111195.7,,03/09/2025 23:58:00,4326.2954,,03/09/2025 23:58:00,209.4945
05/09/2025 23:58:00,111318.7,,04/09/2025 23:58:00,4452.362,,04/09/2025 23:58:00,210.7567
06/09/2025 23:58:00,111097.1,,05/09/2025 23:58:00,4299.3214,,05/09/2025 23:58:00,202.5332
07/09/2025 23:58:00,110679.5,,06/09/2025 23:58:00,4306.8732,,06/09/2025 23:58:00,203.4969
08/09/2025 23:58:00,111083.6,,07/09/2025 23:58:00,4273.7839,,07/09/2025 23:58:00,200.2325
09/09/2025 23:58:00,111718.2,,08/09/2025 23:58:00,4305.597,,08/09/2025 23:58:00,206.4448
10/09/2025 23:58:00,111504.8,,09/09/2025 23:58:00,4306.7074,,09/09/2025 23:58:00,214.1644
11/09/2025 23:58:00,114409.8,,10/09/2025 23:58:00,4310.136,,10/09/2025 23:58:00,217.2174
12/09/2025 23:58:00,115269,,11/09/2025 23:58:00,4348.6803,,11/09/2025 23:58:00,224.0022
13/09/2025 23:58:00,115966.3,,12/09/2025 23:58:00,4461.0563,,12/09/2025 23:58:00,228.7702
14/09/2025 23:58:00,115717.9,,13/09/2025 23:58:00,4715.1874,,13/09/2025 23:58:00,242.2873
15/09/2025 23:58:00,115537.4,,14/09/2025 23:58:00,4668.3273,,14/09/2025 23:58:00,242.5517
16/09/2025 23:58:00,115383.4,,15/09/2025 23:58:00,4608.2422,,15/09/2025 23:58:00,240.474
17/09/2025 23:58:00,116474.5,,16/09/2025 23:58:00,4525.4244,,16/09/2025 23:58:00,234.3907
18/09/2025 23:58:00,117656.3,,17/09/2025 23:58:00,4503.9323,,17/09/2025 23:58:00,237.0022
19/09/2025 23:58:00,117005.3,,18/09/2025 23:58:00,4592.6435,,18/09/2025 23:58:00,244.8723
20/09/2025 23:58:00,115543.5,,19/09/2025 23:58:00,4589.552,,19/09/2025 23:58:00,247.6239
21/09/2025 23:58:00,115706.1,,20/09/2025 23:58:00,4471.1467,,20/09/2025 23:58:00,238.5613
22/09/2025 23:58:00,114688.9,,21/09/2025 23:58:00,4482.1679,,21/09/2025 23:58:00,239.5914
23/09/2025 23:58:00,112387.7,,22/09/2025 23:58:00,4447.8268,,22/09/2025 23:58:00,236.5367
24/09/2025 23:58:00,111792,,23/09/2025 23:58:00,4203.0342,,23/09/2025 23:58:00,220.5009
25/09/2025 23:58:00,112605.5,,24/09/2025 23:58:00,4164.8868,,24/09/2025 23:58:00,213.6744
26/09/2025 23:58:00,109653.5,,25/09/2025 23:58:00,4153.8879,,25/09/2025 23:58:00,211.7501
27/09/2025 23:58:00,109648.7,,26/09/2025 23:58:00,3873.3985,,26/09/2025 23:58:00,192.4967
28/09/2025 23:58:00,109587.9,,27/09/2025 23:58:00,4035.4631,,27/09/2025 23:58:00,205.3469
29/09/2025 23:58:00,111908.8,,28/09/2025 23:58:00,4019.5165,,28/09/2025 23:58:00,203.5855
30/09/2025 23:58:00,114433.1,,29/09/2025 23:58:00,4144.5016,,29/09/2025 23:58:00,210.7847
01/10/2025 23:58:00,114193.7,,30/09/2025 23:58:00,4217.5902,,30/09/2025 23:58:00,213.0347
02/10/2025 23:58:00,118786.4,,01/10/2025 23:58:00,4145.6462,,01/10/2025 23:58:00,208.7364
03/10/2025 23:58:00,120281.6,,02/10/2025 23:58:00,4349.7263,,02/10/2025 23:58:00,221.684
04/10/2025 23:58:00,122260.8,,03/10/2025 23:58:00,4487.2723,,03/10/2025 23:58:00,234.8363
05/10/2025 23:58:00,123742.9,,04/10/2025 23:58:00,4514.7874,,04/10/2025 23:58:00,232.9878
06/10/2025 23:58:00,123857.1,,05/10/2025 23:58:00,4489.2773,,05/10/2025 23:58:00,227.9868
07/10/2025 23:58:00,124310.6,,06/10/2025 23:58:00,4515.222,,06/10/2025 23:58:00,228.6011
08/10/2025 23:58:00,121424.4,,07/10/2025 23:58:00,4686.2962,,07/10/2025 23:58:00,232.5129
09/10/2025 23:58:00,122059.6,,08/10/2025 23:58:00,4450.3588,,08/10/2025 23:58:00,220.4776
10/10/2025 23:58:00,121146,,09/10/2025 23:58:00,4527.281,,09/10/2025 23:58:00,229.1043
11/10/2025 23:58:00,112580.3,,10/10/2025 23:58:00,4370.3656,,10/10/2025 23:58:00,220.9969
12/10/2025 23:58:00,111039.5,,11/10/2025 23:58:00,3836.3903,,11/10/2025 23:58:00,188.6931
13/10/2025 23:58:00,114934.2,,12/10/2025 23:58:00,3750.0349,,12/10/2025 23:58:00,178.0093
14/10/2025 23:58:00,113612.7,,13/10/2025 23:58:00,4159.2164,,13/10/2025 23:58:00,197.4456
15/10/2025 23:58:00,112138.6,,14/10/2025 23:58:00,4244.8602,,14/10/2025 23:58:00,208.4324
16/10/2025 23:58:00,111449.5,,15/10/2025 23:58:00,4126.7263,,15/10/2025 23:58:00,202.4653
17/10/2025 23:58:00,109176.5,,16/10/2025 23:58:00,3987.2977,,16/10/2025 23:58:00,193.9929
18/10/2025 23:58:00,107158.5,,17/10/2025 23:58:00,3895.2631,,17/10/2025 23:58:00,184.7073
19/10/2025 23:58:00,107365.6,,18/10/2025 23:58:00,3832.7979,,18/10/2025 23:58:00,182.0242
20/10/2025 23:58:00,110245.1,,19/10/2025 23:58:00,3890.1239,,19/10/2025 23:58:00,187.6708
21/10/2025 23:58:00,109157.9,,20/10/2025 23:58:00,3984.0428,,20/10/2025 23:58:00,187.8247
22/10/2025 23:58:00,108213.7,,21/10/2025 23:58:00,3980.7405,,21/10/2025 23:58:00,189.762
23/10/2025 23:58:00,108418.6,,22/10/2025 23:58:00,3874.5996,,22/10/2025 23:58:00,185.6643
24/10/2025 23:58:00,110466.5,,23/10/2025 23:58:00,3806.6874,,23/10/2025 23:58:00,180.152
25/10/2025 23:58:00,111077.3,,24/10/2025 23:58:00,3857.8172,,24/10/2025 23:58:00,191.4244
26/10/2025 23:58:00,111284.2,,25/10/2025 23:58:00,3935.2864,,25/10/2025 23:58:00,193.5735
27/10/2025 23:58:00,114960.8,,26/10/2025 23:58:00,3953.9167,,26/10/2025 23:58:00,194.0215
28/10/2025 23:58:00,113911,,27/10/2025 23:58:00,4158.9661,,27/10/2025 23:58:00,200.0196
29/10/2025 23:58:00,112562.7,,28/10/2025 23:58:00,4120.454,,28/10/2025 23:58:00,198.737
30/10/2025 23:58:00,110670.7,,29/10/2025 23:58:00,3980.9676,,29/10/2025 23:58:00,194.4069
31/10/2025 23:58:00,109243.2,,30/10/2025 23:58:00,3903.8702,,30/10/2025 23:58:00,194.3344
01/11/2025 23:58:00,110267.2,,31/10/2025 23:58:00,3803.2569,,31/10/2025 23:58:00,184.6379
02/11/2025 23:58:00,110087.4,,01/11/2025 23:58:00,3847.1126,,01/11/2025 23:58:00,187.2081
03/11/2025 23:58:00,107870.7,,02/11/2025 23:58:00,3873.1227,,02/11/2025 23:58:00,186.3471
04/11/2025 23:58:00,106774.8,,03/11/2025 23:58:00,3907.7429,,03/11/2025 23:58:00,187.8144
05/11/2025 23:58:00,101937.4,,04/11/2025 23:58:00,3602.6293,,04/11/2025 23:58:00,166.0919
06/11/2025 23:58:00,103976.1,,05/11/2025 23:58:00,3288.9695,,05/11/2025 23:58:00,155.3788
07/11/2025 23:58:00,101913.8,,06/11/2025 23:58:00,3424.459,,06/11/2025 23:58:00,162.5403
08/11/2025 23:58:00,102535.7,,07/11/2025 23:58:00,3313.0633,,07/11/2025 23:58:00,155.0841
09/11/2025 23:58:00,101740.2,,08/11/2025 23:58:00,3434.3569,,08/11/2025 23:58:00,161.6991
10/11/2025 23:58:00,106164.8,,09/11/2025 23:58:00,3400.5466,,09/11/2025 23:58:00,158.091
11/11/2025 23:58:00,105733,,10/11/2025 23:58:00,3583.5815,,10/11/2025 23:58:00,164.4663
12/11/2025 23:58:00,103227,,11/11/2025 23:58:00,3566.513,,11/11/2025 23:58:00,167.3504
13/11/2025 23:58:00,102177.3,,12/11/2025 23:58:00,3416.1663,,12/11/2025 23:58:00,154.6076
14/11/2025 23:58:00,97826.84,,13/11/2025 23:58:00,3413.7924,,13/11/2025 23:58:00,153.2727
15/11/2025 23:58:00,96129.48,,14/11/2025 23:58:00,3232.7542,,14/11/2025 23:58:00,145.1248
16/11/2025 23:58:00,95801.09,,15/11/2025 23:58:00,3109.0142,,15/11/2025 23:58:00,138.7426
17/11/2025 23:58:00,95168.88,,16/11/2025 23:58:00,3166.5575,,16/11/2025 23:58:00,139.5325
18/11/2025 23:58:00,90089.49,,17/11/2025 23:58:00,3093.8453,,17/11/2025 23:58:00,137.2395
19/11/2025 23:58:00,91386.52,,18/11/2025 23:58:00,3026.044,,18/11/2025 23:58:00,130.8298
20/11/2025 23:58:00,92760.46,,19/11/2025 23:58:00,3122.2504,,19/11/2025 23:58:00,140.6828
21/11/2025 23:58:00,85973.09,,20/11/2025 23:58:00,3022.7717,,20/11/2025 23:58:00,136.7824
22/11/2025 23:58:00,84209.42,,21/11/2025 23:58:00,2830.5724,,21/11/2025 23:58:00,133.5185
23/11/2025 23:58:00,86540.84,,22/11/2025 23:58:00,2764.6038,,22/11/2025 23:58:00,128.5254
24/11/2025 23:58:00,86719.09,,23/11/2025 23:58:00,2768.5177,,23/11/2025 23:58:00,127.5648
25/11/2025 23:58:00,88321.3,,24/11/2025 23:58:00,2801.1486,,24/11/2025 23:58:00,130.6746
26/11/2025 23:58:00,87244.85,,25/11/2025 23:58:00,2952.5277,,25/11/2025 23:58:00,138.3696
27/11/2025 23:58:00,91284.55,,26/11/2025 23:58:00,2959.0879,,26/11/2025 23:58:00,138.8988
28/11/2025 23:58:00,91452.75,,27/11/2025 23:58:00,3027.583,,27/11/2025 23:58:00,143.0132
29/11/2025 23:58:00,90869.59,,28/11/2025 23:58:00,3015.0114,,28/11/2025 23:58:00,140.8424
30/11/2025 23:58:00,90899.38,,29/11/2025 23:58:00,3032.1419,,29/11/2025 23:58:00,137.3924
01/12/2025 23:58:00,85807.97,,30/11/2025 23:58:00,2990.8361,,30/11/2025 23:58:00,136.0743
02/12/2025 23:58:00,86966.17,,01/12/2025 23:58:00,2991.9503,,01/12/2025 23:58:00,133.5892
03/12/2025 23:58:00,93258.06,,02/12/2025 23:58:00,2799.8389,,02/12/2025 23:58:00,126.7023
04/12/2025 23:58:00,93346.89,,03/12/2025 23:58:00,2997.8038,,03/12/2025 23:58:00,138.6735
05/12/2025 23:58:00,92027.11,,04/12/2025 23:58:00,3189.2553,,04/12/2025 23:58:00,144.8988
06/12/2025 23:58:00,89708.7,,05/12/2025 23:58:00,3134.1826,,05/12/2025 23:58:00,139.0163
07/12/2025 23:58:00,89579.54,,06/12/2025 23:58:00,3023.2399,,06/12/2025 23:58:00,133.3104
08/12/2025 23:58:00,91282.38,,07/12/2025 23:58:00,3039.3452,,07/12/2025 23:58:00,132.3361
09/12/2025 23:58:00,89955.87,,08/12/2025 23:58:00,3061.862,,08/12/2025 23:58:00,132.1169
10/12/2025 23:58:00,92571.52,,09/12/2025 23:58:00,3124.7185,,09/12/2025 23:58:00,133.2621
11/12/2025 23:58:00,90467.98,,10/12/2025 23:58:00,3320.3273,,10/12/2025 23:58:00,137.912
12/12/2025 23:58:00,92399.02,,11/12/2025 23:58:00,3324.5266,,11/12/2025 23:58:00,136.4484
13/12/2025 23:58:00,90401.97,,12/12/2025 23:58:00,3237.5367,,12/12/2025 23:58:00,136.3794
14/12/2025 23:58:00,90207.59,,13/12/2025 23:58:00,3084.9185,,13/12/2025 23:58:00,132.3368
15/12/2025 23:58:00,89679.57,,14/12/2025 23:58:00,3115.3374,,14/12/2025 23:58:00,133.2267
16/12/2025 23:58:00,85827.9,,15/12/2025 23:58:00,3062.0306,,15/12/2025 23:58:00,129.4823
17/12/2025 23:58:00,86794.84,,16/12/2025 23:58:00,2964.3119,,16/12/2025 23:58:00,127.7672
18/12/2025 23:58:00,86757.41,,17/12/2025 23:58:00,2962.6311,,17/12/2025 23:58:00,129.2059
19/12/2025 23:58:00,87073.13,,18/12/2025 23:58:00,2832.8202,,18/12/2025 23:58:00,123.1343
20/12/2025 23:58:00,88252.01,,19/12/2025 23:58:00,2826.9698,,19/12/2025 23:58:00,119.5686
21/12/2025 23:58:00,88081.58,,20/12/2025 23:58:00,2977.7854,,20/12/2025 23:58:00,126.1959
22/12/2025 23:58:00,88877.88,,21/12/2025 23:58:00,2977.1031,,21/12/2025 23:58:00,125.8005
23/12/2025 23:58:00,87973.69,,22/12/2025 23:58:00,3001.3031,,22/12/2025 23:58:00,125.996
24/12/2025 23:58:00,87095.54,,23/12/2025 23:58:00,3007.1294,,23/12/2025 23:58:00,125.7981
25/12/2025 23:58:00,87768.72,,24/12/2025 23:58:00,2962.77,,24/12/2025 23:58:00,123.8729
26/12/2025 23:58:00,88915.34,,25/12/2025 23:58:00,2945.4006,,25/12/2025 23:58:00,122.455
27/12/2025 23:58:00,87459.36,,26/12/2025 23:58:00,2902.6057,,26/12/2025 23:58:00,119.9529
28/12/2025 23:58:00,87687.36,,27/12/2025 23:58:00,2925.7526,,27/12/2025 23:58:00,122.194
29/12/2025 23:58:00,90085.48,,28/12/2025 23:58:00,2946.7609,,28/12/2025 23:58:00,124.6419
30/12/2025 23:58:00,87222.09,,29/12/2025 23:58:00,2948.633,,29/12/2025 23:58:00,125.1952
31/12/2025 23:58:00,88262.84,,30/12/2025 23:58:00,2935.1436,,30/12/2025 23:58:00,123.1246
01/01/2026 23:58:00,87412.91,,31/12/2025 23:58:00,2970.6419,,31/12/2025 23:58:00,124.9242
02/01/2026 23:58:00,88546.95,,01/01/2026 23:58:00,2967.069,,01/01/2026 23:58:00,124.4813
03/01/2026 23:58:00,90135.61,,02/01/2026 23:58:00,3000.2407,,02/01/2026 23:58:00,126.7586
04/01/2026 23:58:00,91374.73,,03/01/2026 23:58:00,3124.2036,,03/01/2026 23:58:00,132.1809
05/01/2026 23:58:00,92558.38,,04/01/2026 23:58:00,3125.795,,04/01/2026 23:58:00,133.2999
06/01/2026 23:58:00,93811.61,,05/01/2026 23:58:00,3143.2877,,05/01/2026 23:58:00,133.9296
07/01/2026 23:58:00,92624.93,,06/01/2026 23:58:00,3225.2348,,06/01/2026 23:58:00,137.9703
08/01/2026 23:58:00,90943.31,,07/01/2026 23:58:00,3295.4064,,07/01/2026 23:58:00,141.0884
09/01/2026 23:58:00,90943.1,,08/01/2026 23:58:00,3165.8332,,08/01/2026 23:58:00,136.3078
10/01/2026 23:58:00,90440.93,,09/01/2026 23:58:00,3104.1359,,09/01/2026 23:58:00,138.2912
11/01/2026 23:58:00,90863.66,,10/01/2026 23:58:00,3083.5847,,10/01/2026 23:58:00,135.7664
,,,11/01/2026 23:58:00,3082.3533,,11/01/2026 23:58:00,139.466
,,,,,,,
,,,,,,,
,,,,,,,
,,,,,,,
A,B,C,D,E,F,G,
Date,BTC Price,ETH Price,SOL Price,BTC Return,ETH Return,SOL Return,
01/01/2025 23:58:00,93462.86,3331.2798,189.2335,-,-,-,
02/01/2025 23:58:00,95642.54,3353.1751,193.8516,0.02332134925,3352.1751,192.8516,
03/01/2025 23:58:00,96732.46,3451.7503,207.8083,0.01139576594,3450.7503,206.8083,
04/01/2025 23:58:00,97942.97,3607.4265,217.7616,0.01251399995,3606.4265,216.7616,
05/01/2025 23:58:00,98355.51,3656.4304,216.6486,0.004212042988,3655.4304,215.6486,
06/01/2025 23:58:00,99424.66,3634.9629,213.3951,0.01087026034,3633.9629,212.3951,
07/01/2025 23:58:00,101731,3689.1357,218.3706,0.02319686082,3688.1357,217.3706,
08/01/2025 23:58:00,96294.37,3380.7317,202.2026,-0.05344123227,3379.7317,201.2026,
09/01/2025 23:58:00,94409.58,3326.6026,197.5763,-0.01957321077,3325.6026,196.5763,
10/01/2025 23:58:00,93850.97,3219.1578,185.0276,-0.005916878351,3218.1578,184.0276,
11/01/2025 23:58:00,94033.5,3266.3219,187.5755,0.001944891992,3265.3219,186.5755,
12/01/2025 23:58:00,94575.31,3281.9305,187.9971,0.005761882733,3280.9305,186.9971,
13/01/2025 23:58:00,94559.12,3265.5751,188.5192,-0.0001711863276,3264.5751,187.5192,
14/01/2025 23:58:00,95099.77,3136.445,182.8464,0.00571758705,3135.445,181.8464,
15/01/2025 23:58:00,97176.71,3223.8939,187.5167,0.02183959015,3222.8939,186.5167,
16/01/2025 23:58:00,99576.98,3450.5268,205.909,0.02470005416,3449.5268,204.909,
17/01/2025 23:58:00,101413.4,3307.6008,211.1988,0.01844221425,3306.6008,210.1988,
18/01/2025 23:58:00,103545.4,3474.0668,219.6059,0.02102286286,3473.0668,218.6059,
19/01/2025 23:58:00,104841,3305.1557,261.7841,0.01251238587,3304.1557,260.7841,
20/01/2025 23:58:00,102194.9,3212.8843,251.288,-0.0252391717,3211.8843,250.288,
21/01/2025 23:58:00,102204.3,3280.3702,242.2984,0.00009198110669,3279.3702,241.2984,
22/01/2025 23:58:00,105559.4,3327.8592,250.419,0.03282738593,3326.8592,249.419,
23/01/2025 23:58:00,101964.6,3241.2395,257.173,-0.03405475969,3240.2395,256.173,
24/01/2025 23:58:00,104563,3338.5746,253.4619,0.02548335403,3337.5746,252.4619,
25/01/2025 23:58:00,104669.3,3309.7553,253.371,0.001016611995,3308.7553,252.371,
26/01/2025 23:58:00,105193.9,3317.2631,256.1342,0.005011975813,3316.2631,255.1342,
27/01/2025 23:58:00,100414.1,3233.391,240.9197,-0.04543799593,3232.391,239.9197,
28/01/2025 23:58:00,102938,3181.6844,235.0458,0.02513491631,3180.6844,234.0458,
29/01/2025 23:58:00,101995.6,3075.7713,227.1483,-0.009155025355,3074.7713,226.1483,
30/01/2025 23:58:00,105403.1,3114.3033,228.0644,0.03340830389,3113.3033,227.0644,
31/01/2025 23:58:00,104008.8,3247.7702,238.9076,-0.01322826368,3246.7702,237.9076,
01/02/2025 23:58:00,102345.6,3298.9187,231.644,-0.01599095461,3297.9187,230.644,
02/02/2025 23:58:00,99655.54,3116.8988,213.6257,-0.02628408061,3115.8988,212.6257,
03/02/2025 23:58:00,92883.21,2869.2932,203.2397,-0.06795738601,2868.2932,202.2397,
04/02/2025 23:58:00,100156.4,2883.2151,216.2608,0.07830467961,2882.2151,215.2608,
05/02/2025 23:58:00,98136.17,2732.0012,207.0365,-0.02017075294,2731.0012,206.0365,
06/02/2025 23:58:00,97649.43,2788.2941,195.9941,-0.004959843043,2787.2941,194.9941,
07/02/2025 23:58:00,97519.86,2688.0574,189.7586,-0.001326889466,2687.0574,188.7586,
08/02/2025 23:58:00,96362.31,2623.0346,192.1702,-0.01186988989,2622.0346,191.1702,
09/02/2025 23:58:00,97281.8,2632.9375,199.5817,0.009542008696,2631.9375,198.5817,
10/02/2025 23:58:00,96932.82,2628.011,200.5462,-0.003587310268,2627.011,199.5462,
11/02/2025 23:58:00,98077.13,2661.4868,200.3929,0.01180518631,2660.4868,199.3929,
12/02/2025 23:58:00,95573.3,2602.6286,197.9837,-0.0255291932,2601.6286,196.9837,
13/02/2025 23:58:00,96900.99,2737.7892,196.772,0.01389185055,2736.7892,195.772,
14/02/2025 23:58:00,96796.01,2676.2042,194.3761,-0.001083373864,2675.2042,193.3761,
15/02/2025 23:58:00,97544.53,2725.7036,199.8365,0.007732963373,2724.7036,198.8365,
16/02/2025 23:58:00,97580.92,2693.5246,194.4742,0.0003730603859,2692.5246,193.4742,
17/02/2025 23:58:00,96127.14,2662.2272,188.4563,-0.01489819936,2661.2272,187.4563,
18/02/2025 23:58:00,96096.47,2743.7816,177.6608,-0.0003190566161,2742.7816,176.6608,
19/02/2025 23:58:00,95307.54,2669.9008,169.1202,-0.008209770869,2668.9008,168.1202,
20/02/2025 23:58:00,97243.08,2715.3959,169.026,0.02030836175,2714.3959,168.026,
21/02/2025 23:58:00,98249.46,2739.468,176.038,0.01034911687,2738.468,175.038,
22/02/2025 23:58:00,96436.56,2660.6903,168.892,-0.01845200981,2659.6903,167.892,
23/02/2025 23:58:00,96443.38,2763.9902,172.1428,0.00007072006716,2762.9902,171.1428,
24/02/2025 23:58:00,95278.63,2819.8368,168.0328,-0.01207703421,2818.8368,167.0328,
25/02/2025 23:58:00,92066.2,2513.9897,141.8274,-0.03371616489,2512.9897,140.8274,
26/02/2025 23:58:00,88801.82,2492.342,144.1328,-0.03545687777,2491.342,143.1328,
27/02/2025 23:58:00,85090.99,2332.5324,134.8675,-0.04178776967,2331.5324,133.8675,
28/02/2025 23:58:00,80376.5,2305.5974,137.6058,-0.05540527851,2304.5974,136.6058,
01/03/2025 23:58:00,86273.05,2235.8163,147.9956,0.07336161689,2234.8163,146.9956,
02/03/2025 23:58:00,85812.15,2216.2998,143.6311,-0.005342340395,2215.2998,142.6311,
03/03/2025 23:58:00,92841.09,2519.0844,178.4556,0.08191077837,2518.0844,177.4556,
04/03/2025 23:58:00,83518.82,2147.7012,142.0484,-0.1004110357,2146.7012,141.0484,
05/03/2025 23:58:00,86951.6,2170.7004,144.9224,0.04110187381,2169.7004,143.9224,
06/03/2025 23:58:00,92272.38,2241.9048,146.2677,0.06119243349,2240.9048,145.2677,
07/03/2025 23:58:00,87701.4,2202.2975,143.3527,-0.04953790072,2201.2975,142.3527,
08/03/2025 23:58:00,86468.85,2140.2135,139.2415,-0.01405393757,2139.2135,138.2415,
09/03/2025 23:58:00,86143.01,2202.7799,136.9606,-0.003768293437,2201.7799,135.9606,
10/03/2025 23:58:00,82106.8,2018.3289,126.4502,-0.04685475931,2017.3289,125.4502,
11/03/2025 23:58:00,79506.47,1863.7698,118.315,-0.0316700931,1862.7698,117.315,
12/03/2025 23:58:00,82201.03,1921.8031,125.2657,0.0338910783,1920.8031,124.2657,
13/03/2025 23:58:00,83605.95,1908.0938,126.5901,0.01709127002,1907.0938,125.5901,
14/03/2025 23:58:00,81877.78,1863.4771,123.3121,-0.02067041879,1862.4771,122.3121,
15/03/2025 23:58:00,84582.41,1910.8596,133.426,0.03303252726,1909.8596,132.426,
16/03/2025 23:58:00,84410.52,1937.0931,135.9194,-0.002032219229,1936.0931,134.9194,
17/03/2025 23:58:00,83702.25,1887.202,126.0396,-0.00839077878,1886.202,125.0396,
18/03/2025 23:58:00,83152.52,1926.5746,128.1604,-0.006567684859,1925.5746,127.1604,
19/03/2025 23:58:00,83076.51,1931.7574,125.317,-0.000914103385,1930.7574,124.317,
20/03/2025 23:58:00,85919.08,2057.6814,135.533,0.0342162905,2056.6814,134.533,
21/03/2025 23:58:00,84434.41,1982.3914,127.4994,-0.0172798638,1981.3914,126.4994,
22/03/2025 23:58:00,84345.25,1965.2958,128.4234,-0.001055967585,1964.2958,127.4234,
23/03/2025 23:58:00,84294.35,1980.1805,128.493,-0.000603472039,1979.1805,127.493,
24/03/2025 23:58:00,86531.37,2006.0249,132.6302,0.02653819621,2005.0249,131.6302,
25/03/2025 23:58:00,86496.49,2081.8109,140.9225,-0.0004030908097,2080.8109,139.9225,
26/03/2025 23:58:00,87186.84,2067.1385,143.786,0.007981248719,2066.1385,142.786,
27/03/2025 23:58:00,87692.71,2009.4311,137.2894,0.005802137112,2008.4311,136.2894,
28/03/2025 23:58:00,86810.84,2002.647,138.3527,-0.01005636614,2001.647,137.3527,
29/03/2025 23:58:00,84261.42,1895.8636,129.4324,-0.0293675306,1894.8636,128.4324,
30/03/2025 23:58:00,83184.34,1827.4434,124.5888,-0.01278259968,1826.4434,123.5888,
31/03/2025 23:58:00,81559.22,1806.7074,124.6661,-0.01953636947,1805.7074,123.6661,
01/04/2025 23:58:00,82963.95,1822.3431,124.6577,0.01722343593,1821.3431,123.6577,
02/04/2025 23:58:00,84598.74,1905.3194,126.6829,0.0197048236,1904.3194,125.6829,
03/04/2025 23:58:00,83479.15,1794.8779,117.7362,-0.01323412145,1793.8779,116.7362,
04/04/2025 23:58:00,82740.93,1816.4149,117.0533,-0.008843166228,1815.4149,116.0533,
05/04/2025 23:58:00,83624.02,1815.4492,122.7863,0.01067295231,1814.4492,121.7863,
06/04/2025 23:58:00,83332.85,1806.0908,120.2721,-0.003481894317,1805.0908,119.2721,
07/04/2025 23:58:00,77555.34,1579.0905,105.7334,-0.06933052212,1578.0905,104.7334,
09/04/2025 23:58:00,75004.68,1552.0201,106.8837,-0.0328882576,1551.0201,105.8837,
10/04/2025 23:58:00,81681,1471.9443,105.4473,0.08901204565,1470.9443,104.4473,
11/04/2025 23:58:00,80721.91,1668.859,119.0826,-0.01174189836,1667.859,118.0826,
12/04/2025 23:58:00,82944.43,1521.4977,112.7961,0.02753304524,1520.4977,111.7961,
13/04/2025 23:58:00,85434.14,1566.1546,121.5142,0.03001660268,1565.1546,120.5142,
14/04/2025 23:58:00,84549.55,1643.7982,132.2686,-0.01035405752,1642.7982,131.2686,
15/04/2025 23:58:00,85358.06,1596.8367,128.5757,0.009562558287,1595.8367,127.5757,
16/04/2025 23:58:00,83726.81,1623.1192,129.2982,-0.01911067332,1622.1192,128.2982,
17/04/2025 23:58:00,84030.1,1588.8276,126.238,0.003622376154,1587.8276,125.238,
18/04/2025 23:58:00,84815.62,1577.2412,131.462,0.009348078843,1576.2412,130.462,
19/04/2025 23:58:00,84841.2,1582.98,134.7368,0.0003015953901,1581.98,133.7368,
20/04/2025 23:58:00,85115.07,1588.7273,134.0698,0.003228030721,1587.7273,133.0698,
21/04/2025 23:58:00,87152.38,1613.1206,139.7714,0.0239359493,1612.1206,138.7714,
22/04/2025 23:58:00,88107.6,1587.3288,137.7768,0.01096034325,1586.3288,136.7768,
23/04/2025 23:58:00,93210.55,1579.4935,136.6838,0.05791725118,1578.4935,135.6838,
24/04/2025 23:58:00,92733.36,1756.9004,148.7438,-0.005119484865,1755.9004,147.7438,
25/04/2025 23:58:00,93348.03,1796.0691,151.1532,0.006628358985,1795.0691,150.1532,
26/04/2025 23:58:00,94847.29,1770.0125,152.3482,0.01606097097,1769.0125,151.3482,
27/04/2025 23:58:00,94225.3,1786.1962,150.9138,-0.006557804656,1785.1962,149.9138,
28/04/2025 23:58:00,93911.89,1821.7589,149.302,-0.003326176727,1820.7589,148.302,
29/04/2025 23:58:00,94717.11,1791.9918,148.2345,0.008574207164,1790.9918,147.2345,
30/04/2025 23:58:00,95041.93,1800.1999,147.8192,0.003429369836,1799.1999,146.8192,
01/05/2025 23:58:00,94808.49,1798.653,146.4017,-0.002456179078,1797.653,145.4017,
02/05/2025 23:58:00,97111.77,1794.0542,147.6274,0.02429402683,1793.0542,146.6274,
03/05/2025 23:58:00,96432.45,1838.7526,150.8551,-0.006995238579,1837.7526,149.8551,
04/05/2025 23:58:00,95856.14,1842.6998,148.0509,-0.005976307768,1841.6998,147.0509,
05/05/2025 23:58:00,94255.16,1833.8264,146.7912,-0.0167019035,1832.8264,145.7912,
06/05/2025 23:58:00,94489.1,1808.7154,143.9898,0.002481986132,1807.7154,142.9898,
07/05/2025 23:58:00,96515.11,1819.938,146.6842,0.02144173243,1818.938,145.6842,
08/05/2025 23:58:00,99109.44,1816.7296,146.7874,0.02688003982,1815.7296,145.7874,
09/05/2025 23:58:00,102384.2,1811.557,147.2203,0.03304185757,1810.557,146.2203,
10/05/2025 23:58:00,103161.7,2207.2733,164.0663,0.00759394516,2206.2733,163.0663,
11/05/2025 23:58:00,103995.7,2345.3199,172.8267,0.008084395662,2344.3199,171.8267,
12/05/2025 23:58:00,104013.1,2583.4157,177.6784,0.0001673146101,2582.4157,176.6784,
13/05/2025 23:58:00,101727,2514.736,173.0356,-0.02197896227,2513.736,172.0356,
14/05/2025 23:58:00,103560.3,2496.0772,174.2507,0.01802176413,2495.0772,173.2507,
15/05/2025 23:58:00,102821.2,2680.2341,183.9972,-0.007136904779,2679.2341,182.9972,
16/05/2025 23:58:00,104050.1,2610.0971,176.7127,0.01195181538,2609.0971,175.7127,
17/05/2025 23:58:00,103536.5,2548.0833,169.0221,-0.004936083675,2547.0833,168.0221,
18/05/2025 23:58:00,103298,2537.7818,167.348,-0.002303535468,2536.7818,166.348,
19/05/2025 23:58:00,103640.2,2475.7237,165.9292,0.003312745649,2474.7237,164.9292,
20/05/2025 23:58:00,105707.1,2499.6984,173.785,0.01994303369,2498.6984,172.785,
21/05/2025 23:58:00,106859.6,2528.6033,166.8537,0.01090276812,2527.6033,165.8537,
22/05/2025 23:58:00,111681.7,2524.7441,168.4923,0.04512556663,2523.7441,167.4923,
23/05/2025 23:58:00,111088.5,2551.8429,173.6663,-0.005311523732,2550.8429,172.6663,
24/05/2025 23:58:00,108333.4,2664.7045,179.6981,-0.02480094699,2663.7045,178.6981,
25/05/2025 23:58:00,108096.5,2526.5268,173.7909,-0.002186767885,2525.5268,172.7909,
26/05/2025 23:58:00,109641.5,2530.1318,176.0304,0.01429278469,2529.1318,175.0304,
27/05/2025 23:58:00,108927.6,2551.9498,175.7114,-0.00651122066,2550.9498,174.7114,
28/05/2025 23:58:00,108877.1,2564.5004,174.9174,-0.0004636106919,2563.5004,173.9174,
29/05/2025 23:58:00,108043.4,2662.1276,176.808,-0.007657257587,2661.1276,175.808,
30/05/2025 23:58:00,106021.6,2681.9375,172.1935,-0.01871285058,2680.9375,171.1935,
31/05/2025 23:58:00,103735.2,2631.6787,166.5968,-0.02156541686,2630.6787,165.5968,
01/06/2025 23:58:00,104494.5,2531.0975,156.2489,0.007319598362,2530.0975,155.2489,
02/06/2025 23:58:00,104914.5,2529.1818,156.6069,0.004019350301,2528.1818,155.6069,
03/06/2025 23:58:00,105551.6,2538.9742,157.7803,0.00607256385,2537.9742,156.7803,
04/06/2025 23:58:00,105625.9,2607.6023,156.9885,0.0007039211154,2606.6023,155.9885,
05/06/2025 23:58:00,105084.4,2594.478,155.3399,-0.005126583537,2593.478,154.3399,
06/06/2025 23:58:00,102549.2,2608.6477,153.3625,-0.0241253697,2607.6477,152.3625,
07/06/2025 23:58:00,104951.3,2416.2411,144.5401,0.02342387849,2415.2411,143.5401,
08/06/2025 23:58:00,105525.3,2478.0639,147.9098,0.005469203335,2477.0639,146.9098,
09/06/2025 23:58:00,105687.6,2526.2893,150.1437,0.001538019792,2525.2893,149.1437,
10/06/2025 23:58:00,109549,2510.9076,152.4393,0.03653597962,2509.9076,151.4393,
11/06/2025 23:58:00,109722.3,2681.2674,161.105,0.001581940502,2680.2674,160.105,
12/06/2025 23:58:00,107845.6,2814.8368,165.0249,-0.01710408914,2813.8368,164.0249,
13/06/2025 23:58:00,104498.1,2772.8448,161.0558,-0.03103974571,2771.8448,160.0558,
14/06/2025 23:58:00,105312.9,2643.7887,152.7243,0.007797270955,2642.7887,151.7243,
15/06/2025 23:58:00,105562.5,2579.7889,148.6387,0.002370080019,2578.7889,147.6387,
16/06/2025 23:58:00,105950.6,2532.764,144.7567,0.003676494967,2531.764,143.7567,
17/06/2025 23:58:00,107598.5,2547.7383,152.8448,0.01555347492,2546.7383,151.8448,
18/06/2025 23:58:00,105191.3,2542.6312,150.877,-0.02237205909,2541.6312,149.877,
19/06/2025 23:58:00,105075.2,2510.1828,147.7051,-0.001103703443,2509.1828,146.7051,
20/06/2025 23:58:00,104637,2525.1483,146.3599,-0.004170346571,2524.1483,145.3599,
21/06/2025 23:58:00,103589.5,2521.5258,147.0758,-0.01001079924,2520.5258,146.0758,
22/06/2025 23:58:00,102394.4,2406.7561,140.1427,-0.01153688356,2405.7561,139.1427,
23/06/2025 23:58:00,101220,2296.6047,135.1784,-0.01146937723,2295.6047,134.1784,
24/06/2025 23:58:00,105019,2228.1479,131.6572,0.03753210828,2227.1479,130.6572,
25/06/2025 23:58:00,106311.5,2412.7634,144.7683,0.01230729677,2411.7634,143.7683,
26/06/2025 23:58:00,107899.3,2449.7001,145.9566,0.01493535507,2448.7001,144.9566,
27/06/2025 23:58:00,107523.7,2419.3084,143.5091,-0.00348102351,2418.3084,142.5091,
28/06/2025 23:58:00,107342.2,2416.3115,139.0618,-0.001687999948,2415.3115,138.0618,
29/06/2025 23:58:00,107249.3,2423.8919,142.1906,-0.0008654564561,2422.8919,141.1906,
30/06/2025 23:58:00,108527.5,2436.9814,150.828,0.0119180265,2435.9814,149.828,
01/07/2025 23:58:00,107217.4,2500.5653,153.3469,-0.01207159476,2499.5653,152.3469,
02/07/2025 23:58:00,106255.1,2487.1913,154.7713,-0.008975222305,2486.1913,153.7713,
03/07/2025 23:58:00,108696.5,2405.5849,146.9307,0.02297677947,2404.5849,145.9307,
04/07/2025 23:58:00,109273.1,2570.6842,152.2528,0.005304678624,2569.6842,151.2528,
05/07/2025 23:58:00,108230,2591.2846,152.3909,-0.009545807706,2590.2846,151.3909,
06/07/2025 23:58:00,108114,2508.4357,147.7496,-0.001071791555,2507.4357,146.7496,
07/07/2025 23:58:00,109395.1,2517.2448,147.6373,0.0118495292,2516.2448,146.6373,
08/07/2025 23:58:00,107904.3,2571.0602,151.8793,-0.01362766705,2570.0602,150.8793,
09/07/2025 23:58:00,108395.8,2542.6005,148.8749,0.004554962128,2541.6005,147.8749,
10/07/2025 23:58:00,111090.1,2615.5927,151.7858,0.02485612911,2614.5927,150.7858,
11/07/2025 23:58:00,116768.2,2770.3779,157.2384,0.05111256539,2769.3779,156.2384,
12/07/2025 23:58:00,117568.8,2950.6692,164.1022,0.006856318758,2949.6692,163.1022,
13/07/2025 23:58:00,117603.5,2958.0417,162.8811,0.0002951463313,2957.0417,161.8811,
14/07/2025 23:58:00,120551.9,2943.3603,160.6782,0.02507068242,2942.3603,159.6782,
15/07/2025 23:58:00,117226.1,2973.0976,161.2114,-0.02758811765,2972.0976,160.2114,
16/07/2025 23:58:00,117489.6,3014.076,162.272,0.00224779294,3013.076,161.272,
17/07/2025 23:58:00,118070.4,3139.9861,163.9598,0.004943416268,3138.9861,162.9598,
18/07/2025 23:58:00,120280.7,3372.7927,173.6855,0.01872018728,3371.7927,172.6855,
19/07/2025 23:58:00,118353.3,3477.2607,175.8269,-0.01602418343,3476.2607,174.8269,
20/07/2025 23:58:00,117985.7,3547.9487,177.3621,-0.003105954798,3546.9487,176.3621,
21/07/2025 23:58:00,118429.2,3594.5704,177.0675,0.003758930108,3593.5704,176.0675,
22/07/2025 23:58:00,117213.8,3759.5285,181.5695,-0.01026267171,3758.5285,180.5695,
23/07/2025 23:58:00,118637.6,3763.3644,195.9965,0.01214703388,3762.3644,194.9965,
24/07/2025 23:58:00,118580.6,3748.7085,205.6846,-0.0004804547631,3747.7085,204.6846,
25/07/2025 23:58:00,115420.2,3629.3296,189.5083,-0.02665191439,3628.3296,188.5083,
26/07/2025 23:58:00,117570.6,3707.1296,182.6874,0.01863105418,3706.1296,181.6874,
27/07/2025 23:58:00,118208.3,3726.0089,186.7854,0.005423975041,3725.0089,185.7854,
28/07/2025 23:58:00,119283.7,3742.1645,184.9125,0.009097499922,3741.1645,183.9125,
29/07/2025 23:58:00,118757.1,3874.6976,188.7386,-0.004414685326,3873.6976,187.7386,
30/07/2025 23:58:00,118176.2,3795.9018,182.6397,-0.004891497014,3794.9018,181.6397,
31/07/2025 23:58:00,118454.4,3793.1021,181.3464,0.002354111911,3792.1021,180.3464,
01/08/2025 23:58:00,115672.4,3808.8875,177.7008,-0.02348583083,3807.8875,176.7008,
02/08/2025 23:58:00,113941.1,3697.7407,172.3796,-0.01496726963,3696.7407,171.3796,
03/08/2025 23:58:00,113730.6,3486.9697,162.8707,-0.001847445742,3485.9697,161.8707,
04/08/2025 23:58:00,114696.1,3392.9631,158.4767,0.008489359944,3391.9631,157.4767,
05/08/2025 23:58:00,114348.2,3497.2822,161.9623,-0.003033233039,3496.2822,160.9623,
06/08/2025 23:58:00,113574.9,3720.3463,169.44,-0.006762677506,3719.3463,168.44,
07/08/2025 23:58:00,114485.2,3611.8177,164.0958,0.00801497514,3610.8177,163.0958,
08/08/2025 23:58:00,116770.3,3683.6838,168.1705,0.01995978519,3682.6838,167.1705,
09/08/2025 23:58:00,116364.7,3912.5898,175.4855,-0.003473485981,3911.5898,174.4855,
10/08/2025 23:58:00,118231.9,4009.8132,176.7726,0.01604610333,4008.8132,175.7726,
11/08/2025 23:58:00,121660.9,4263.3621,180.1779,0.02900232509,4262.3621,179.1779,
12/08/2025 23:58:00,118849,4251.6856,182.8768,-0.02311260232,4250.6856,181.8768,
13/08/2025 23:58:00,119442.5,4224.9312,174.9624,0.004993731542,4223.9312,173.9624,
14/08/2025 23:58:00,123332,4589.8184,191.8204,0.03256378592,4588.8184,190.8204,
15/08/2025 23:58:00,119074.5,4750.0277,201.6547,-0.03452064347,4749.0277,200.6547,
16/08/2025 23:58:00,117555.5,4549.6703,192.5945,-0.01275671953,4548.6703,191.5945,
17/08/2025 23:58:00,117792.9,4443.2395,185.7868,0.002019471654,4442.2395,184.7868,
18/08/2025 23:58:00,115416.2,4424.8349,189.7631,-0.02017693766,4423.8349,188.7631,
19/08/2025 23:58:00,114931.1,4475.4367,191.1652,-0.004203049485,4474.4367,190.1652,
20/08/2025 23:58:00,113569.7,4314.7441,183.0645,-0.01184535778,4313.7441,182.0645,
21/08/2025 23:58:00,114004.5,4075.0828,176.1247,0.003828485943,4074.0828,175.1247,
22/08/2025 23:58:00,112946.4,4335.266,187.611,-0.009281212584,4334.266,186.611,
23/08/2025 23:58:00,115468.4,4224.3914,180.2837,0.02232917561,4223.3914,179.2837,
24/08/2025 23:58:00,114920.5,4830.0706,200.6512,-0.004745021149,4829.0706,199.6512,
25/08/2025 23:58:00,113044.1,4776.4888,203.9469,-0.01632780922,4775.4888,202.9469,
26/08/2025 23:58:00,109923.5,4779.5706,205.8407,-0.02760515586,4778.5706,204.8407,
27/08/2025 23:58:00,111478.5,4376.2445,187.2923,0.01414620168,4375.2445,186.2923,
28/08/2025 23:58:00,112032,4601.0363,195.9077,0.004965082953,4600.0363,194.9077,
29/08/2025 23:58:00,111769.5,4506.868,202.9431,-0.002343080548,4505.868,201.9431,
30/08/2025 23:58:00,108454.4,4512.5661,214.4142,-0.02966014879,4511.5661,213.4142,
31/08/2025 23:58:00,109251.6,4359.9902,205.1587,0.007350554703,4358.9902,204.1587,
01/09/2025 23:58:00,107694.3,4374.415,202.8476,-0.01425425348,4373.415,201.8476,
02/09/2025 23:58:00,110374.9,4391.1808,200.8681,0.02489082523,4390.1808,199.8681,
03/09/2025 23:58:00,111092.6,4314.3356,197.1299,0.006502384147,4313.3356,196.1299,
04/09/2025 23:58:00,111195.7,4326.2954,209.4945,0.0009280546139,4325.2954,208.4945,
05/09/2025 23:58:00,111318.7,4452.362,210.7567,0.001106157882,4451.362,209.7567,
06/09/2025 23:58:00,111097.1,4299.3214,202.5332,-0.001990680811,4298.3214,201.5332,
07/09/2025 23:58:00,110679.5,4306.8732,203.4969,-0.003758873994,4305.8732,202.4969,
08/09/2025 23:58:00,111083.6,4273.7839,200.2325,0.00365108263,4272.7839,199.2325,
09/09/2025 23:58:00,111718.2,4305.597,206.4448,0.005712814493,4304.597,205.4448,
10/09/2025 23:58:00,111504.8,4306.7074,214.1644,-0.00191016325,4305.7074,213.1644,
11/09/2025 23:58:00,114409.8,4310.136,217.2174,0.02605269011,4309.136,216.2174,
12/09/2025 23:58:00,115269,4348.6803,224.0022,0.007509846185,4347.6803,223.0022,
13/09/2025 23:58:00,115966.3,4461.0563,228.7702,0.006049328093,4460.0563,227.7702,
14/09/2025 23:58:00,115717.9,4715.1874,242.2873,-0.002142001599,4714.1874,241.2873,
15/09/2025 23:58:00,115537.4,4668.3273,242.5517,-0.001559827823,4667.3273,241.5517,
16/09/2025 23:58:00,115383.4,4608.2422,240.474,-0.001332901727,4607.2422,239.474,
17/09/2025 23:58:00,116474.5,4525.4244,234.3907,0.009456299606,4524.4244,233.3907,
18/09/2025 23:58:00,117656.3,4503.9323,237.0022,0.0101464269,4502.9323,236.0022,
19/09/2025 23:58:00,117005.3,4592.6435,244.8723,-0.005533065378,4591.6435,243.8723,
20/09/2025 23:58:00,115543.5,4589.552,247.6239,-0.01249345115,4588.552,246.6239,
21/09/2025 23:58:00,115706.1,4471.1467,238.5613,0.0014072622,4470.1467,237.5613,
22/09/2025 23:58:00,114688.9,4482.1679,239.5914,-0.008791239183,4481.1679,238.5914,
23/09/2025 23:58:00,112387.7,4447.8268,236.5367,-0.0200647142,4446.8268,235.5367,
24/09/2025 23:58:00,111792,4203.0342,220.5009,-0.00530040209,4202.0342,219.5009,
25/09/2025 23:58:00,112605.5,4164.8868,213.6744,0.007276907113,4163.8868,212.6744,
26/09/2025 23:58:00,109653.5,4153.8879,211.7501,-0.02621541577,4152.8879,210.7501,
27/09/2025 23:58:00,109648.7,3873.3985,192.4967,-0.00004377425253,3872.3985,191.4967,
28/09/2025 23:58:00,109587.9,4035.4631,205.3469,-0.0005544981381,4034.4631,204.3469,
29/09/2025 23:58:00,111908.8,4019.5165,203.5855,0.02117843302,4018.5165,202.5855,
30/09/2025 23:58:00,114433.1,4144.5016,210.7847,0.0225567605,4143.5016,209.7847,
01/10/2025 23:58:00,114193.7,4217.5902,213.0347,-0.002092052037,4216.5902,212.0347,
02/10/2025 23:58:00,118786.4,4145.6462,208.7364,0.04021850592,4144.6462,207.7364,
03/10/2025 23:58:00,120281.6,4349.7263,221.684,0.01258729956,4348.7263,220.684,
04/10/2025 23:58:00,122260.8,4487.2723,234.8363,0.01645471959,4486.2723,233.8363,
05/10/2025 23:58:00,123742.9,4514.7874,232.9878,0.01212244644,4513.7874,231.9878,
06/10/2025 23:58:00,123857.1,4489.2773,227.9868,0.000922881232,4488.2773,226.9868,
07/10/2025 23:58:00,124310.6,4515.222,228.6011,0.003661477622,4514.222,227.6011,
08/10/2025 23:58:00,121424.4,4686.2962,232.5129,-0.02321764998,4685.2962,231.5129,
09/10/2025 23:58:00,122059.6,4450.3588,220.4776,0.005231238532,4449.3588,219.4776,
10/10/2025 23:58:00,121146,4527.281,229.1043,-0.007484868048,4526.281,228.1043,
11/10/2025 23:58:00,112580.3,4370.3656,220.9969,-0.0707055949,4369.3656,219.9969,
12/10/2025 23:58:00,111039.5,3836.3903,188.6931,-0.01368623107,3835.3903,187.6931,
13/10/2025 23:58:00,114934.2,3750.0349,178.0093,0.03507490578,3749.0349,177.0093,
14/10/2025 23:58:00,113612.7,4159.2164,197.4456,-0.01149788314,4158.2164,196.4456,
15/10/2025 23:58:00,112138.6,4244.8602,208.4324,-0.01297478187,4243.8602,207.4324,
16/10/2025 23:58:00,111449.5,4126.7263,202.4653,-0.006145074042,4125.7263,201.4653,
17/10/2025 23:58:00,109176.5,3987.2977,193.9929,-0.02039488737,3986.2977,192.9929,
18/10/2025 23:58:00,107158.5,3895.2631,184.7073,-0.01848383123,3894.2631,183.7073,
19/10/2025 23:58:00,107365.6,3832.7979,182.0242,0.001932651166,3831.7979,181.0242,
20/10/2025 23:58:00,110245.1,3890.1239,187.6708,0.02681957722,3889.1239,186.6708,
21/10/2025 23:58:00,109157.9,3984.0428,187.8247,-0.009861662786,3983.0428,186.8247,
22/10/2025 23:58:00,108213.7,3980.7405,189.762,-0.008649854935,3979.7405,188.762,
23/10/2025 23:58:00,108418.6,3874.5996,185.6643,0.001893475595,3873.5996,184.6643,
24/10/2025 23:58:00,110466.5,3806.6874,180.152,0.01888882535,3805.6874,179.152,
25/10/2025 23:58:00,111077.3,3857.8172,191.4244,0.005529278107,3856.8172,190.4244,
26/10/2025 23:58:00,111284.2,3935.2864,193.5735,0.00186266681,3934.2864,192.5735,
27/10/2025 23:58:00,114960.8,3953.9167,194.0215,0.03303793351,3952.9167,193.0215,
28/10/2025 23:58:00,113911,4158.9661,200.0196,-0.009131808408,4157.9661,199.0196,
29/10/2025 23:58:00,112562.7,4120.454,198.737,-0.01183643371,4119.454,197.737,
30/10/2025 23:58:00,110670.7,3980.9676,194.4069,-0.01680840989,3979.9676,193.4069,
31/10/2025 23:58:00,109243.2,3903.8702,194.3344,-0.01289862629,3902.8702,193.3344,
01/11/2025 23:58:00,110267.2,3803.2569,184.6379,0.009373581147,3802.2569,183.6379,
02/11/2025 23:58:00,110087.4,3847.1126,187.2081,-0.001630584616,3846.1126,186.2081,
03/11/2025 23:58:00,107870.7,3873.1227,186.3471,-0.02013581936,3872.1227,185.3471,
04/11/2025 23:58:00,106774.8,3907.7429,187.8144,-0.01015938526,3906.7429,186.8144,
05/11/2025 23:58:00,101937.4,3602.6293,166.0919,-0.04530469736,3601.6293,165.0919,
06/11/2025 23:58:00,103976.1,3288.9695,155.3788,0.01999952912,3287.9695,154.3788,
07/11/2025 23:58:00,101913.8,3424.459,162.5403,-0.01983436578,3423.459,161.5403,
08/11/2025 23:58:00,102535.7,3313.0633,155.0841,0.006102215794,3312.0633,154.0841,
09/11/2025 23:58:00,101740.2,3434.3569,161.6991,-0.00775827346,3433.3569,160.6991,
10/11/2025 23:58:00,106164.8,3400.5466,158.091,0.04348920093,3399.5466,157.091,
11/11/2025 23:58:00,105733,3583.5815,164.4663,-0.004067261465,3582.5815,163.4663,
12/11/2025 23:58:00,103227,3566.513,167.3504,-0.02370120965,3565.513,166.3504,
13/11/2025 23:58:00,102177.3,3416.1663,154.6076,-0.01016885117,3415.1663,153.6076,
14/11/2025 23:58:00,97826.84,3413.7924,153.2727,-0.04257755881,3412.7924,152.2727,
15/11/2025 23:58:00,96129.48,3232.7542,145.1248,-0.01735065755,3231.7542,144.1248,
16/11/2025 23:58:00,95801.09,3109.0142,138.7426,-0.003416121673,3108.0142,137.7426,
17/11/2025 23:58:00,95168.88,3166.5575,139.5325,-0.006599194226,3165.5575,138.5325,
18/11/2025 23:58:00,90089.49,3093.8453,137.2395,-0.05337238391,3092.8453,136.2395,
19/11/2025 23:58:00,91386.52,3026.044,130.8298,0.0143971289,3025.044,129.8298,
20/11/2025 23:58:00,92760.46,3122.2504,140.6828,0.01503438363,3121.2504,139.6828,
21/11/2025 23:58:00,85973.09,3022.7717,136.7824,-0.07317093943,3021.7717,135.7824,
22/11/2025 23:58:00,84209.42,2830.5724,133.5185,-0.02051420974,2829.5724,132.5185,
23/11/2025 23:58:00,86540.84,2764.6038,128.5254,0.02768597622,2763.6038,127.5254,
24/11/2025 23:58:00,86719.09,2768.5177,127.5648,0.002059721167,2767.5177,126.5648,
25/11/2025 23:58:00,88321.3,2801.1486,130.6746,0.0184758627,2800.1486,129.6746,
26/11/2025 23:58:00,87244.85,2952.5277,138.3696,-0.01218788673,2951.5277,137.3696,
27/11/2025 23:58:00,91284.55,2959.0879,138.8988,0.04630301961,2958.0879,137.8988,
28/11/2025 23:58:00,91452.75,3027.583,143.0132,0.001842590011,3026.583,142.0132,
29/11/2025 23:58:00,90869.59,3015.0114,140.8424,-0.006376626181,3014.0114,139.8424,
30/11/2025 23:58:00,90899.38,3032.1419,137.3924,0.0003278324465,3031.1419,136.3924,
01/12/2025 23:58:00,85807.97,2990.8361,136.0743,-0.05601149315,2989.8361,135.0743,
02/12/2025 23:58:00,86966.17,2991.9503,133.5892,0.0134975807,2990.9503,132.5892,
03/12/2025 23:58:00,93258.06,2799.8389,126.7023,0.07234870755,2798.8389,125.7023,
04/12/2025 23:58:00,93346.89,2997.8038,138.6735,0.0009525182059,2996.8038,137.6735,
05/12/2025 23:58:00,92027.11,3189.2553,144.8988,-0.01413844639,3188.2553,143.8988,
06/12/2025 23:58:00,89708.7,3134.1826,139.0163,-0.02519268507,3133.1826,138.0163,
07/12/2025 23:58:00,89579.54,3023.2399,133.3104,-0.00143977117,3022.2399,132.3104,
08/12/2025 23:58:00,91282.38,3039.3452,132.3361,0.01900925144,3038.3452,131.3361,
09/12/2025 23:58:00,89955.87,3061.862,132.1169,-0.01453193924,3060.862,131.1169,
10/12/2025 23:58:00,92571.52,3124.7185,133.2621,0.02907703522,3123.7185,132.2621,
11/12/2025 23:58:00,90467.98,3320.3273,137.912,-0.02272340348,3319.3273,136.912,
12/12/2025 23:58:00,92399.02,3324.5266,136.4484,0.02134501069,3323.5266,135.4484,
13/12/2025 23:58:00,90401.97,3237.5367,136.3794,-0.02161332447,3236.5367,135.3794,
14/12/2025 23:58:00,90207.59,3084.9185,132.3368,-0.002150174382,3083.9185,131.3368,
15/12/2025 23:58:00,89679.57,3115.3374,133.2267,-0.005853387725,3114.3374,132.2267,
16/12/2025 23:58:00,85827.9,3062.0306,129.4823,-0.04294924697,3061.0306,128.4823,
17/12/2025 23:58:00,86794.84,2964.3119,127.7672,0.01126603354,2963.3119,126.7672,
18/12/2025 23:58:00,86757.41,2962.6311,129.2059,-0.0004312468345,2961.6311,128.2059,
19/12/2025 23:58:00,87073.13,2832.8202,123.1343,0.003639112786,2831.8202,122.1343,
20/12/2025 23:58:00,88252.01,2826.9698,119.5686,0.01353896432,2825.9698,118.5686,
21/12/2025 23:58:00,88081.58,2977.7854,126.1959,-0.001931174145,2976.7854,125.1959,
22/12/2025 23:58:00,88877.88,2977.1031,125.8005,0.009040482698,2976.1031,124.8005,
23/12/2025 23:58:00,87973.69,3001.3031,125.996,-0.01017339748,3000.3031,124.996,
24/12/2025 23:58:00,87095.54,3007.1294,125.7981,-0.009981961652,3006.1294,124.7981,
25/12/2025 23:58:00,87768.72,2962.77,123.8729,0.00772921323,2961.77,122.8729,
26/12/2025 23:58:00,88915.34,2945.4006,122.455,0.01306410758,2944.4006,121.455,
27/12/2025 23:58:00,87459.36,2902.6057,119.9529,-0.01637490224,2901.6057,118.9529,
28/12/2025 23:58:00,87687.36,2925.7526,122.194,0.002606925091,2924.7526,121.194,
29/12/2025 23:58:00,90085.48,2946.7609,124.6419,0.02734852549,2945.7609,123.6419,
30/12/2025 23:58:00,87222.09,2948.633,125.1952,-0.03178525552,2947.633,124.1952,
31/12/2025 23:58:00,88262.84,2935.1436,123.1246,0.01193218369,2934.1436,122.1246,
01/01/2026 23:58:00,87412.91,2970.6419,124.9242,-0.009629533788,2969.6419,123.9242,
02/01/2026 23:58:00,88546.95,2967.069,124.4813,0.01297336972,2966.069,123.4813,
03/01/2026 23:58:00,90135.61,3000.2407,126.7586,0.01794144236,2999.2407,125.7586,
04/01/2026 23:58:00,91374.73,3124.2036,132.1809,0.0137472859,3123.2036,131.1809,
05/01/2026 23:58:00,92558.38,3125.795,133.2999,0.01295380025,3124.795,132.2999,
06/01/2026 23:58:00,93811.61,3143.2877,133.9296,0.01353988693,3142.2877,132.9296,
07/01/2026 23:58:00,92624.93,3225.2348,137.9703,-0.01264960702,3224.2348,136.9703,
08/01/2026 23:58:00,90943.31,3295.4064,141.0884,-0.01815515542,3294.4064,140.0884,
09/01/2026 23:58:00,90943.1,3165.8332,136.3078,-0.00000230913082,3164.8332,135.3078,
10/01/2026 23:58:00,90440.93,3104.1359,138.2912,-0.005521804293,3103.1359,137.2912,
11/01/2026 23:58:00,90863.66,3083.5847,135.7664,0.004674100543,3082.5847,134.7664,
,,3082.3533,139.466,-1,3081.3533,138.466,
,,,,,,,
Risk Calculation,5.63%,85725.48%,3529.73%,,,,
,,,,,,,
,,,Total  Return,-97.67%,0.63%,1.91%,
,,,,,,,
,,,,,,,
Price Trend Chart,,,,,,,
,,,,,,,
,,,,,,,
,,,,,,,
,,,,,,,
,,,,,,,
,,,,,,,
,,,,,,,
,,,,,,,
,,,,,,,
,,,,,,,
,,,,,,,
,,,,,,,
,,,,,,,
,,,,,,,
,,,,,,,
,,,,,,,
,,,,,,,
,,,,,,,
,,,,,,,
,,,,,,,
,,,,,,,
,,,,,,,
,,,,,,,
,,,,,,,
,,,,,,,
,,,,,,,
,,,,,,,
,,,,,,,
,,,,,,,
,,,,,,,
,,,,,,,
,,,,,,,
Crypto Return Comparison,,,,,,,
,,,,,,,
,,,,,,,
,,,,,,,
,,,,,,,
,,,,,,,
,,,,,,,
,,,,,,,
,,,,,,,
,,,,,,,
,,,,,,,
,,,,,,,
,,,,,,,
,,,,,,,
,,,,,,,
,,,,,,,
,,,,,,,
,,,,,,,
,,,,,,,
,,,,,,,
,,,,,,,
,,,,,,,
Portfolio Allocation,,,,,,,
,,,,,,,
Crypto,Allocation,,,,,,
BTC,40%,,,,,,
ETH,35%,,,,,,
SOL,25%,,,,,,